"Gene.ID","log2.FC.","P.adj","Gene.type","change"
"ENSG00000291237",2.298991088,1.53002702611468e-28,"mRNA","Upregulated"
"ENSG00000056558",4.145387009,2.98235978434449e-22,"mRNA","Upregulated"
"ENSG00000154814",1.896402458,6.80313007943399e-22,"mRNA","Upregulated"
"ENSG00000185215",3.426693516,2.60228569204884e-21,"mRNA","Upregulated"
"ENSG00000104432",2.965689123,7.72990534805552e-21,"mRNA","Upregulated"
"ENSG00000180992",2.703700234,7.979914406398e-19,"mRNA","Upregulated"
"ENSG00000168734",2.729898969,2.12381044892682e-18,"mRNA","Upregulated"
"ENSG00000112149",2.35649913,6.33187551531972e-18,"mRNA","Upregulated"
"ENSG00000151726",2.486639425,1.12243874706697e-17,"mRNA","Upregulated"
"ENSG00000162104",5.146200085,1.15473723796834e-17,"mRNA","Upregulated"
"ENSG00000211445",2.56738854,1.80163639389674e-17,"mRNA","Upregulated"
"ENSG00000122729",3.416318628,2.22171232708552e-16,"mRNA","Upregulated"
"ENSG00000125531",3.116681222,3.57550966868074e-16,"mRNA","Upregulated"
"ENSG00000115267",2.800074078,6.32599681594383e-16,"mRNA","Upregulated"
"ENSG00000109756",2.9801807,1.06349125372035e-14,"mRNA","Upregulated"
"ENSG00000153066",1.722148994,3.02277251895774e-14,"mRNA","Upregulated"
"ENSG00000115009",5.696475628,3.55060013576186e-14,"mRNA","Upregulated"
"ENSG00000163874",3.747041639,4.26233562348819e-14,"mRNA","Upregulated"
"ENSG00000100906",2.437913026,8.90635678638705e-14,"mRNA","Upregulated"
"ENSG00000197272",3.751464884,2.47002339359439e-13,"mRNA","Upregulated"
"ENSG00000166166",4.075027391,4.12933037830708e-13,"mRNA","Upregulated"
"ENSG00000107897",2.07676882,4.79428393467299e-13,"mRNA","Upregulated"
"ENSG00000163661",8.803447218,6.30236940616192e-13,"mRNA","Upregulated"
"ENSG00000107798",2.710131992,1.31138434500426e-12,"mRNA","Upregulated"
"ENSG00000023445",4.227938533,1.54555795426724e-12,"mRNA","Upregulated"
"ENSG00000003402",2.32322386,2.36019169417749e-12,"mRNA","Upregulated"
"ENSG00000122643",4.018524171,2.52242108759813e-12,"mRNA","Upregulated"
"ENSG00000105855",4.155835404,2.60362773523053e-12,"mRNA","Upregulated"
"ENSG00000176788",2.247251991,2.62251266684609e-12,"mRNA","Upregulated"
"ENSG00000158019",3.409197813,4.488016624653e-12,"mRNA","Upregulated"
"ENSG00000137393",3.361301578,7.60319309573609e-12,"mRNA","Upregulated"
"ENSG00000236383",1.667296022,7.60319309573609e-12,"mRNA","Upregulated"
"ENSG00000172349",2.486512483,1.73356529498326e-11,"mRNA","Upregulated"
"ENSG00000107020",3.226259182,2.56171526192957e-11,"mRNA","Upregulated"
"ENSG00000128284",3.041097134,3.5383681271915e-11,"mRNA","Upregulated"
"ENSG00000162783",3.350286145,3.63970610282586e-11,"mRNA","Upregulated"
"ENSG00000173757",2.29599108,4.01880507294949e-11,"mRNA","Upregulated"
"ENSG00000157014",2.18387387,6.04585025935212e-11,"mRNA","Upregulated"
"ENSG00000113845",2.8027106,9.71127331391628e-11,"mRNA","Upregulated"
"ENSG00000135114",4.396579783,1.14329538427479e-10,"mRNA","Upregulated"
"ENSG00000213024",1.33590004,2.0673345926146e-10,"mRNA","Upregulated"
"ENSG00000187260",2.328913433,2.90414487626763e-10,"mRNA","Upregulated"
"ENSG00000145901",2.70218568,3.84232582197452e-10,"mRNA","Upregulated"
"ENSG00000105835",2.881805153,5.76513516732673e-10,"mRNA","Upregulated"
"ENSG00000162927",2.387718302,6.52308722184847e-10,"mRNA","Upregulated"
"ENSG00000103067",-2.320858251,7.40164902666395e-10,"mRNA","Downregulated"
"ENSG00000124145",3.66627224,8.08675670710818e-10,"mRNA","Upregulated"
"ENSG00000133858",1.754620798,1.15584273656939e-09,"mRNA","Upregulated"
"ENSG00000172345",-2.075017054,1.28436446275484e-09,"mRNA","Downregulated"
"ENSG00000100242",1.952543026,1.33216689415197e-09,"mRNA","Upregulated"
"ENSG00000043143",3.014773028,1.36426918141765e-09,"mRNA","Upregulated"
"ENSG00000119917",3.762523633,1.87501542962772e-09,"mRNA","Upregulated"
"ENSG00000135837",1.86029368,2.15662938163307e-09,"mRNA","Upregulated"
"ENSG00000142621",3.307835833,2.5550445652119e-09,"mRNA","Upregulated"
"ENSG00000090339",2.585735847,3.48340658454616e-09,"mRNA","Upregulated"
"ENSG00000110330",2.800781782,4.70144987226452e-09,"mRNA","Upregulated"
"ENSG00000111335",2.8427844,4.76362668462823e-09,"mRNA","Upregulated"
"ENSG00000134326",3.240724493,5.65155696053968e-09,"mRNA","Upregulated"
"ENSG00000263528",3.142668774,7.20720607596573e-09,"mRNA","Upregulated"
"ENSG00000160294",1.937686059,9.47481195859823e-09,"mRNA","Upregulated"
"ENSG00000166750",2.600324213,1.21453493833079e-08,"mRNA","Upregulated"
"ENSG00000196839",2.322078961,1.22851779895973e-08,"mRNA","Upregulated"
"ENSG00000151466",-2.026858709,1.3118931682918e-08,"mRNA","Downregulated"
"ENSG00000029639",2.504339729,1.31481003196341e-08,"mRNA","Upregulated"
"ENSG00000038210",3.75473468,1.62583450011266e-08,"mRNA","Upregulated"
"ENSG00000197415",4.922491529,2.04327489136362e-08,"mRNA","Upregulated"
"ENSG00000138496",1.906259329,2.13751132421338e-08,"mRNA","Upregulated"
"ENSG00000119900",2.084979089,2.34416529247786e-08,"mRNA","Upregulated"
"ENSG00000150782",3.083408051,2.41821501118859e-08,"mRNA","Upregulated"
"ENSG00000181409",-1.983209446,3.26509294393658e-08,"mRNA","Downregulated"
"ENSG00000181634",4.163961098,3.66134645841129e-08,"mRNA","Upregulated"
"ENSG00000184557",3.11447985,4.10241672257056e-08,"mRNA","Upregulated"
"ENSG00000117091",2.53245163,4.68589630206036e-08,"mRNA","Upregulated"
"ENSG00000160752",1.787546702,5.28471237389913e-08,"mRNA","Upregulated"
"ENSG00000136810",2.037812821,5.96958697340546e-08,"mRNA","Upregulated"
"ENSG00000120217",2.199180345,6.08910178054368e-08,"mRNA","Upregulated"
"ENSG00000157654",2.813901889,6.58554147893559e-08,"mRNA","Upregulated"
"ENSG00000157601",3.416078952,6.72693381467984e-08,"mRNA","Upregulated"
"ENSG00000136158",-2.51255044,6.7957409141629e-08,"mRNA","Downregulated"
"ENSG00000104154",1.717207282,6.82824038001291e-08,"mRNA","Upregulated"
"ENSG00000074621",1.594403999,6.82824038001291e-08,"mRNA","Upregulated"
"ENSG00000138646",3.919850072,7.23055091143634e-08,"mRNA","Upregulated"
"ENSG00000167371",3.187021875,7.81084826763582e-08,"mRNA","Upregulated"
"ENSG00000104450",2.141907229,8.89753230350522e-08,"mRNA","Upregulated"
"ENSG00000172183",4.800700504,9.38775645781973e-08,"mRNA","Upregulated"
"ENSG00000086062",1.834489877,9.70906113020476e-08,"mRNA","Upregulated"
"ENSG00000083799",2.055289108,9.70906113020476e-08,"mRNA","Upregulated"
"ENSG00000162645",2.147779725,1.025697664748e-07,"mRNA","Upregulated"
"ENSG00000152229",2.468933409,1.05068214915268e-07,"mRNA","Upregulated"
"ENSG00000137965",3.36424977,1.12138155744118e-07,"mRNA","Upregulated"
"ENSG00000117228",3.303904719,1.39548103167449e-07,"mRNA","Upregulated"
"ENSG00000166833",3.874477579,1.50223125424393e-07,"mRNA","Upregulated"
"ENSG00000131979",3.598179954,1.70728173178574e-07,"mRNA","Upregulated"
"ENSG00000186141",2.042505203,1.82079036435224e-07,"mRNA","Upregulated"
"ENSG00000173193",1.924755376,1.98258761413565e-07,"mRNA","Upregulated"
"ENSG00000128918",0.997375457,2.55575754049375e-07,"mRNA","Upregulated"
"ENSG00000160325",2.280319726,2.62334013281323e-07,"mRNA","Upregulated"
"ENSG00000140379",2.085776095,2.63313728822878e-07,"mRNA","Upregulated"
"ENSG00000134108",2.166207027,2.96144299157765e-07,"mRNA","Upregulated"
"ENSG00000182541",-2.097097396,3.11248419406976e-07,"mRNA","Downregulated"
"ENSG00000175054",2.554331184,3.13272585093882e-07,"mRNA","Upregulated"
"ENSG00000133106",3.269658172,3.55035159845917e-07,"mRNA","Upregulated"
"ENSG00000170017",2.190264221,3.91001386088485e-07,"mRNA","Upregulated"
"ENSG00000265491",4.541725846,4.13337760759696e-07,"mRNA","Upregulated"
"ENSG00000160683",1.838008533,4.43408711197654e-07,"mRNA","Upregulated"
"ENSG00000079263",1.967799182,4.55135487110345e-07,"mRNA","Upregulated"
"ENSG00000205923",-1.750112183,4.55135487110345e-07,"mRNA","Downregulated"
"ENSG00000089041",2.419547174,4.63901614607417e-07,"mRNA","Upregulated"
"ENSG00000264324",1.193010333,4.92112877252313e-07,"mRNA","Upregulated"
"ENSG00000159173",3.454374414,4.92763789505207e-07,"mRNA","Upregulated"
"ENSG00000117226",3.097251604,5.00949091349115e-07,"mRNA","Upregulated"
"ENSG00000136754",1.518064234,5.0904527848685e-07,"mRNA","Upregulated"
"ENSG00000124882",4.393561,5.99103964171317e-07,"mRNA","Upregulated"
"ENSG00000110047",2.905104383,6.12276837482939e-07,"mRNA","Upregulated"
"ENSG00000179057",-2.664952638,6.17877146772017e-07,"mRNA","Downregulated"
"ENSG00000128335",1.833438919,6.18164125914752e-07,"mRNA","Upregulated"
"ENSG00000197329",3.586715989,6.20613949749462e-07,"mRNA","Upregulated"
"ENSG00000050730",3.900141253,6.20613949749462e-07,"mRNA","Upregulated"
"ENSG00000198604",1.480356798,7.09651410389476e-07,"mRNA","Upregulated"
"ENSG00000170581",2.010997874,7.2906748218939e-07,"mRNA","Upregulated"
"ENSG00000170525",2.900957273,8.03698630502335e-07,"mRNA","Upregulated"
"ENSG00000139266",1.637110226,9.18492660291489e-07,"mRNA","Upregulated"
"ENSG00000070367",1.790429692,9.28040870362239e-07,"mRNA","Upregulated"
"ENSG00000221963",1.797828625,9.28040870362239e-07,"mRNA","Upregulated"
"ENSG00000198053",1.855232977,1.05307766480455e-06,"mRNA","Upregulated"
"ENSG00000102794",4.133881324,1.05844552270598e-06,"mRNA","Upregulated"
"ENSG00000152778",1.952865354,1.0817522033346e-06,"mRNA","Upregulated"
"ENSG00000101017",2.798837203,1.09005581510573e-06,"mRNA","Upregulated"
"ENSG00000179165",3.612520954,1.15485072596285e-06,"mRNA","Upregulated"
"ENSG00000164823",2.11136823,1.15485072596285e-06,"mRNA","Upregulated"
"ENSG00000119630",-2.023904761,1.2913671356729e-06,"mRNA","Downregulated"
"ENSG00000077254",2.642385559,1.39299182417641e-06,"mRNA","Upregulated"
"ENSG00000111012",3.074344728,1.40218683558321e-06,"mRNA","Upregulated"
"ENSG00000013523",-0.939764988,1.40977795492881e-06,"mRNA","Downregulated"
"ENSG00000188396",1.670711996,1.61065295966343e-06,"mRNA","Upregulated"
"ENSG00000173349",-1.286668575,1.71999025833872e-06,"mRNA","Downregulated"
"ENSG00000145623",1.398308739,2.04590523664483e-06,"mRNA","Upregulated"
"ENSG00000115318",-1.081777094,2.09653528380386e-06,"mRNA","Downregulated"
"ENSG00000134330",1.490421279,2.66188506784214e-06,"mRNA","Upregulated"
"ENSG00000177409",2.40714906,2.93364940470096e-06,"mRNA","Upregulated"
"ENSG00000104312",2.585723162,2.96715949356909e-06,"mRNA","Upregulated"
"ENSG00000042980",2.745425169,3.0319525050343e-06,"mRNA","Upregulated"
"ENSG00000120539",1.367446689,3.0319525050343e-06,"mRNA","Upregulated"
"ENSG00000138378",3.239822995,3.12063935993379e-06,"mRNA","Upregulated"
"ENSG00000164808",1.685945384,3.20165047849108e-06,"mRNA","Upregulated"
"ENSG00000104946",1.929714448,3.24466772568073e-06,"mRNA","Upregulated"
"ENSG00000152484",2.579248623,3.68106489146617e-06,"mRNA","Upregulated"
"ENSG00000143322",1.901526666,3.80333285821681e-06,"mRNA","Upregulated"
"ENSG00000115008",3.448866338,3.82752203533927e-06,"mRNA","Upregulated"
"ENSG00000145779",1.906576705,3.82752203533927e-06,"mRNA","Upregulated"
"ENSG00000068366",1.644410201,3.85259320312914e-06,"mRNA","Upregulated"
"ENSG00000148926",3.387150588,4.01196732760611e-06,"mRNA","Upregulated"
"ENSG00000125733",4.892801239,4.11317038717978e-06,"mRNA","Upregulated"
"ENSG00000119138",2.19328573,4.21929367771252e-06,"mRNA","Upregulated"
"ENSG00000126561",1.798616707,4.21929367771252e-06,"mRNA","Upregulated"
"ENSG00000132386",-3.594786699,5.98606420547436e-06,"mRNA","Downregulated"
"ENSG00000198355",2.957776547,7.27489468862373e-06,"mRNA","Upregulated"
"ENSG00000122862",1.527786821,7.47111091743516e-06,"mRNA","Upregulated"
"ENSG00000280789",2.483420923,7.6154556550479e-06,"mRNA","Upregulated"
"ENSG00000026751",2.713378957,7.81297509140262e-06,"mRNA","Upregulated"
"ENSG00000163840",1.881353534,8.02779439299503e-06,"mRNA","Upregulated"
"ENSG00000173821",1.699571335,8.2971701206144e-06,"mRNA","Upregulated"
"ENSG00000108771",3.334933325,8.97479681604145e-06,"mRNA","Upregulated"
"ENSG00000144843",1.829063733,9.38058832590763e-06,"mRNA","Upregulated"
"ENSG00000158470",2.1928406,9.45595827830444e-06,"mRNA","Upregulated"
"ENSG00000196367",0.930895253,1.01339014287619e-05,"mRNA","Upregulated"
"ENSG00000148481",2.557212854,1.05783221422371e-05,"mRNA","Upregulated"
"ENSG00000171262",2.210667653,1.15198470997184e-05,"mRNA","Upregulated"
"ENSG00000127564",-1.368490184,1.15546556731953e-05,"mRNA","Downregulated"
"ENSG00000176148",1.263131775,1.17077169866129e-05,"mRNA","Upregulated"
"ENSG00000131095",-1.964965967,1.2604699630401e-05,"mRNA","Downregulated"
"ENSG00000106701",3.052866753,1.26197821006965e-05,"mRNA","Upregulated"
"ENSG00000188313",2.861168766,1.32465220378549e-05,"mRNA","Upregulated"
"ENSG00000110324",2.030350138,1.32465220378549e-05,"mRNA","Upregulated"
"ENSG00000089351",3.659874929,1.32831492022494e-05,"mRNA","Upregulated"
"ENSG00000026508",1.740742638,1.3339195152097e-05,"mRNA","Upregulated"
"ENSG00000104205",4.018213031,1.33619510683163e-05,"mRNA","Upregulated"
"ENSG00000103569",1.310336329,1.3378338195212e-05,"mRNA","Upregulated"
"ENSG00000185475",-1.715629511,1.46052581394284e-05,"mRNA","Downregulated"
"ENSG00000136244",3.162736088,1.51565845679252e-05,"mRNA","Upregulated"
"ENSG00000100644",2.035998837,1.66049937397483e-05,"mRNA","Upregulated"
"ENSG00000119508",3.177572563,1.71156837829164e-05,"mRNA","Upregulated"
"ENSG00000108671",2.67426026,1.76469058730292e-05,"mRNA","Upregulated"
"ENSG00000137509",-1.938854551,1.79582346335512e-05,"mRNA","Downregulated"
"ENSG00000135842",1.78610643,1.81828927370687e-05,"mRNA","Upregulated"
"ENSG00000188958",1.515581976,1.86531042664721e-05,"mRNA","Upregulated"
"ENSG00000070950",4.054348953,1.9398776316447e-05,"mRNA","Upregulated"
"ENSG00000163605",2.099412894,1.9398776316447e-05,"mRNA","Upregulated"
"ENSG00000138642",2.641304463,2.15225492051845e-05,"mRNA","Upregulated"
"ENSG00000125731",2.308430776,2.15225492051845e-05,"mRNA","Upregulated"
"ENSG00000197548",-1.099586398,2.20645363540078e-05,"mRNA","Downregulated"
"ENSG00000118655",-1.556237139,2.21449745951316e-05,"mRNA","Downregulated"
"ENSG00000163644",3.015385758,2.33560330552783e-05,"mRNA","Upregulated"
"ENSG00000076662",-1.831036097,2.33560330552783e-05,"mRNA","Downregulated"
"ENSG00000114127",2.514082454,2.51122874315386e-05,"mRNA","Upregulated"
"ENSG00000138670",1.876895001,2.64985552243483e-05,"mRNA","Upregulated"
"ENSG00000037897",2.224922624,2.67347686757728e-05,"mRNA","Upregulated"
"ENSG00000134602",3.985264061,2.67347686757728e-05,"mRNA","Upregulated"
"ENSG00000173692",1.688192858,2.88894967145952e-05,"mRNA","Upregulated"
"ENSG00000184588",3.55435266,3.05720300207202e-05,"mRNA","Upregulated"
"ENSG00000078081",3.944677436,3.11768083753931e-05,"mRNA","Upregulated"
"ENSG00000140807",2.807974252,3.11768083753931e-05,"mRNA","Upregulated"
"ENSG00000013374",2.907826235,3.22137395734369e-05,"mRNA","Upregulated"
"ENSG00000136689",2.032199163,3.24860398786495e-05,"mRNA","Upregulated"
"ENSG00000143382",1.562188508,3.26525174066997e-05,"mRNA","Upregulated"
"ENSG00000105699",-1.610401863,3.39864956162682e-05,"mRNA","Downregulated"
"ENSG00000166685",-0.87326669,3.46618532240915e-05,"mRNA","Downregulated"
"ENSG00000234511",1.291552872,3.48560311831999e-05,"mRNA","Upregulated"
"ENSG00000162654",2.625972896,3.53492070892029e-05,"mRNA","Upregulated"
"ENSG00000105516",-1.500093982,3.53492070892029e-05,"mRNA","Downregulated"
"ENSG00000114902",-1.021472448,3.7950414336738e-05,"mRNA","Downregulated"
"ENSG00000168917",-1.876534558,3.79587142129257e-05,"mRNA","Downregulated"
"ENSG00000115956",1.387785707,3.84601569982763e-05,"mRNA","Upregulated"
"ENSG00000186174",1.730668164,3.87330459128875e-05,"mRNA","Upregulated"
"ENSG00000164136",2.292304708,3.93503923276116e-05,"mRNA","Upregulated"
"ENSG00000165527",2.231945174,4.30707367672869e-05,"mRNA","Upregulated"
"ENSG00000189067",2.076493197,4.30707367672869e-05,"mRNA","Upregulated"
"ENSG00000096968",2.642158857,4.40473183594926e-05,"mRNA","Upregulated"
"ENSG00000077150",2.280078177,4.56485310217355e-05,"mRNA","Upregulated"
"ENSG00000129235",-0.976431366,4.58959400984945e-05,"mRNA","Downregulated"
"ENSG00000134460",3.197074164,4.67959369065889e-05,"mRNA","Upregulated"
"ENSG00000124228",2.175327985,4.85381011623171e-05,"mRNA","Upregulated"
"ENSG00000140406",2.769505785,5.04016810953253e-05,"mRNA","Upregulated"
"ENSG00000105939",2.87733725,5.20193509991546e-05,"mRNA","Upregulated"
"ENSG00000034677",1.797849498,5.20193509991546e-05,"mRNA","Upregulated"
"ENSG00000127314",1.523485362,5.20193509991546e-05,"mRNA","Upregulated"
"ENSG00000143412",-1.453293584,5.26057947106527e-05,"mRNA","Downregulated"
"ENSG00000152133",2.108317113,5.26057947106527e-05,"mRNA","Upregulated"
"ENSG00000134470",3.699154167,5.29370974690683e-05,"mRNA","Upregulated"
"ENSG00000183486",2.250565471,5.48132799352624e-05,"mRNA","Upregulated"
"ENSG00000159322",1.632448906,5.95642259600652e-05,"mRNA","Upregulated"
"ENSG00000198839",3.327584651,6.26967504916513e-05,"mRNA","Upregulated"
"ENSG00000180822",2.017877868,6.43423277004292e-05,"mRNA","Upregulated"
"ENSG00000143257",-1.068023099,6.65997651182214e-05,"mRNA","Downregulated"
"ENSG00000182108",-1.032652396,6.9943501135159e-05,"mRNA","Downregulated"
"ENSG00000109320",2.29234044,7.0625323502508e-05,"mRNA","Upregulated"
"ENSG00000186318",-1.230314935,7.0625323502508e-05,"mRNA","Downregulated"
"ENSG00000183735",1.972423583,7.23874578692345e-05,"mRNA","Upregulated"
"ENSG00000073417",2.013580996,7.33146370784819e-05,"mRNA","Upregulated"
"ENSG00000080561",3.138148929,7.59777116619224e-05,"mRNA","Upregulated"
"ENSG00000185745",4.028121233,8.77739943377947e-05,"mRNA","Upregulated"
"ENSG00000146278",2.133965613,8.94732024976676e-05,"mRNA","Upregulated"
"ENSG00000196371",2.885506217,9.12650791096728e-05,"mRNA","Upregulated"
"ENSG00000163659",2.413866453,9.40618703033634e-05,"mRNA","Upregulated"
"ENSG00000147202",2.596030027,9.40618703033634e-05,"mRNA","Upregulated"
"ENSG00000116514",2.824961349,9.42520114002851e-05,"mRNA","Upregulated"
"ENSG00000186329",5.924769601,9.59505402272963e-05,"mRNA","Upregulated"
"ENSG00000086061",1.511023085,9.92367686291547e-05,"mRNA","Upregulated"
"ENSG00000170917",3.394003604,0.000105243,"mRNA","Upregulated"
"ENSG00000171574",-1.178781554,0.0001057,"mRNA","Downregulated"
"ENSG00000102901",-1.05043271,0.000112153,"mRNA","Downregulated"
"ENSG00000011422",1.718158171,0.000117134,"mRNA","Upregulated"
"ENSG00000020181",-1.248844974,0.000120956,"mRNA","Downregulated"
"ENSG00000274523",-1.549429598,0.000123036,"mRNA","Downregulated"
"ENSG00000139597",3.253540108,0.000123689,"mRNA","Upregulated"
"ENSG00000162493",1.964247698,0.000125187,"mRNA","Upregulated"
"ENSG00000169248",4.585713419,0.000125187,"mRNA","Upregulated"
"ENSG00000134020",-2.2132218,0.000131872,"mRNA","Downregulated"
"ENSG00000153147",1.546033999,0.000132445,"mRNA","Upregulated"
"ENSG00000141837",3.426657306,0.000137238,"mRNA","Upregulated"
"ENSG00000115649",-0.756124531,0.000137851,"mRNA","Downregulated"
"ENSG00000080200",-1.038934782,0.00014037,"mRNA","Downregulated"
"ENSG00000122025",4.67328038,0.000140985,"mRNA","Upregulated"
"ENSG00000135740",-1.159293495,0.000144901,"mRNA","Downregulated"
"ENSG00000109436",1.432767738,0.00014499,"mRNA","Upregulated"
"ENSG00000173113",-0.997803898,0.00014499,"mRNA","Downregulated"
"ENSG00000071054",1.848596816,0.000150402,"mRNA","Upregulated"
"ENSG00000075420",1.926014833,0.000150455,"mRNA","Upregulated"
"ENSG00000117090",3.310737394,0.00015211,"mRNA","Upregulated"
"ENSG00000168026",1.526765937,0.000153771,"mRNA","Upregulated"
"ENSG00000152495",1.078524257,0.00016523,"mRNA","Upregulated"
"ENSG00000130589",2.298772472,0.000172534,"mRNA","Upregulated"
"ENSG00000148158",-2.086424923,0.000175332,"mRNA","Downregulated"
"ENSG00000138166",2.147124844,0.00017821,"mRNA","Upregulated"
"ENSG00000169508",1.661800672,0.000180791,"mRNA","Upregulated"
"ENSG00000078401",5.743717861,0.000211338,"mRNA","Upregulated"
"ENSG00000186862",-1.197916962,0.000211338,"mRNA","Downregulated"
"ENSG00000005156",0.891018379,0.000212812,"mRNA","Upregulated"
"ENSG00000184719",-1.632267419,0.000219799,"mRNA","Downregulated"
"ENSG00000121797",1.952331856,0.000219824,"mRNA","Upregulated"
"ENSG00000103260",-2.293036807,0.00022349,"mRNA","Downregulated"
"ENSG00000141506",1.679733434,0.000232641,"mRNA","Upregulated"
"ENSG00000125686",-1.627559457,0.000241377,"mRNA","Downregulated"
"ENSG00000102580",1.645959404,0.000268137,"mRNA","Upregulated"
"ENSG00000174238",-1.123453966,0.000268201,"mRNA","Downregulated"
"ENSG00000130812",1.119831574,0.000268427,"mRNA","Upregulated"
"ENSG00000118322",1.817720051,0.000276662,"mRNA","Upregulated"
"ENSG00000181381",2.055333758,0.000279087,"mRNA","Upregulated"
"ENSG00000139278",0.883824231,0.00030529,"mRNA","Upregulated"
"ENSG00000116754",2.04010093,0.000311014,"mRNA","Upregulated"
"ENSG00000165801",-1.334969516,0.000311014,"mRNA","Downregulated"
"ENSG00000184979",3.000596713,0.000311802,"mRNA","Upregulated"
"ENSG00000107968",2.939274339,0.000315957,"mRNA","Upregulated"
"ENSG00000009790",-1.12570405,0.000316829,"mRNA","Downregulated"
"ENSG00000137628",2.91801564,0.000321801,"mRNA","Upregulated"
"ENSG00000122641",2.400365924,0.000325181,"mRNA","Upregulated"
"ENSG00000128039",2.726201711,0.000338272,"mRNA","Upregulated"
"ENSG00000123610",3.829318479,0.000341139,"mRNA","Upregulated"
"ENSG00000100150",3.621633618,0.000341139,"mRNA","Upregulated"
"ENSG00000065491",1.564114268,0.000341451,"mRNA","Upregulated"
"ENSG00000126353",3.548705701,0.000359971,"mRNA","Upregulated"
"ENSG00000125657",4.332562761,0.000370189,"mRNA","Upregulated"
"ENSG00000026025",1.109961966,0.000371872,"mRNA","Upregulated"
"ENSG00000163900",1.837314807,0.000378408,"mRNA","Upregulated"
"ENSG00000064201",-1.77725705,0.000392134,"mRNA","Downregulated"
"ENSG00000144655",4.182981691,0.00042734,"mRNA","Upregulated"
"ENSG00000135744",-0.857435991,0.000438977,"mRNA","Downregulated"
"ENSG00000120802",1.356307422,0.000446547,"mRNA","Upregulated"
"ENSG00000086300",1.237807072,0.000458056,"mRNA","Upregulated"
"ENSG00000054277",0.889114327,0.000462169,"mRNA","Upregulated"
"ENSG00000135336",1.115389455,0.000474163,"mRNA","Upregulated"
"ENSG00000122861",-2.009701544,0.000475012,"mRNA","Downregulated"
"ENSG00000083520",-0.928025818,0.00049802,"mRNA","Downregulated"
"ENSG00000133805",2.088981004,0.000509516,"mRNA","Upregulated"
"ENSG00000132274",1.86362598,0.000511649,"mRNA","Upregulated"
"ENSG00000128805",1.618227312,0.000517825,"mRNA","Upregulated"
"ENSG00000215910",-0.844846721,0.000528215,"mRNA","Downregulated"
"ENSG00000103168",4.890818191,0.000532975,"mRNA","Upregulated"
"ENSG00000099219",0.860036413,0.000535666,"mRNA","Upregulated"
"ENSG00000110944",1.823842928,0.000536863,"mRNA","Upregulated"
"ENSG00000165716",-1.17276408,0.000541199,"mRNA","Downregulated"
"ENSG00000084733",1.43274145,0.000544722,"mRNA","Upregulated"
"ENSG00000132170",-2.229589359,0.000568532,"mRNA","Downregulated"
"ENSG00000184014",1.76547124,0.000568532,"mRNA","Upregulated"
"ENSG00000100395",2.400850996,0.000572285,"mRNA","Upregulated"
"ENSG00000080371",2.015549935,0.000591836,"mRNA","Upregulated"
"ENSG00000255398",2.675340456,0.000591854,"mRNA","Upregulated"
"ENSG00000137959",3.331177586,0.000593544,"mRNA","Upregulated"
"ENSG00000180376",-0.970254757,0.000603211,"mRNA","Downregulated"
"ENSG00000147050",2.603506894,0.000638547,"mRNA","Upregulated"
"ENSG00000095383",-2.916521618,0.000641913,"mRNA","Downregulated"
"ENSG00000125445",-0.808632074,0.000649933,"mRNA","Downregulated"
"ENSG00000143384",1.533160032,0.000651974,"mRNA","Upregulated"
"ENSG00000136286",4.627989816,0.000670328,"mRNA","Upregulated"
"ENSG00000245848",-2.584890814,0.000696859,"mRNA","Downregulated"
"ENSG00000132612",-1.340960444,0.000715311,"mRNA","Downregulated"
"ENSG00000161888",0.727398638,0.00074473,"mRNA","Upregulated"
"ENSG00000137947",2.489716311,0.000751398,"mRNA","Upregulated"
"ENSG00000115355",1.163769438,0.000761495,"mRNA","Upregulated"
"ENSG00000205189",2.212046379,0.000770262,"mRNA","Upregulated"
"ENSG00000181374",2.086248377,0.000770262,"mRNA","Upregulated"
"ENSG00000144802",3.284959951,0.000781912,"mRNA","Upregulated"
"ENSG00000125538",4.510291875,0.000804802,"mRNA","Upregulated"
"ENSG00000117036",2.827175214,0.000823406,"mRNA","Upregulated"
"ENSG00000188343",-0.953402332,0.00082846,"mRNA","Downregulated"
"ENSG00000123427",0.884864836,0.000828467,"mRNA","Upregulated"
"ENSG00000135604",1.64501167,0.000838911,"mRNA","Upregulated"
"ENSG00000162267",2.822968649,0.00088872,"mRNA","Upregulated"
"ENSG00000183255",1.928332634,0.000891806,"mRNA","Upregulated"
"ENSG00000071246",-1.306846389,0.000911482,"mRNA","Downregulated"
"ENSG00000162924",1.63191249,0.000921706,"mRNA","Upregulated"
"ENSG00000117525",2.692927843,0.0009283,"mRNA","Upregulated"
"ENSG00000144445",-0.873191151,0.000939236,"mRNA","Downregulated"
"ENSG00000139117",2.134556774,0.000939236,"mRNA","Upregulated"
"ENSG00000122783",0.806271448,0.000940613,"mRNA","Upregulated"
"ENSG00000108702",3.14261154,0.000942161,"mRNA","Upregulated"
"ENSG00000121858",2.484767329,0.00094472,"mRNA","Upregulated"
"ENSG00000102524",2.393481182,0.00094472,"mRNA","Upregulated"
"ENSG00000103495",1.799023328,0.000945613,"mRNA","Upregulated"
"ENSG00000146859",-0.754223168,0.000958421,"mRNA","Downregulated"
"ENSG00000175029",-0.597222471,0.000958723,"mRNA","Downregulated"
"ENSG00000163938",-0.754408383,0.000988111,"mRNA","Downregulated"
"ENSG00000120656",-1.969275179,0.001009116,"mRNA","Downregulated"
"ENSG00000155629",0.923277765,0.001009116,"mRNA","Upregulated"
"ENSG00000167136",-0.878078979,0.001015566,"mRNA","Downregulated"
"ENSG00000165521",-1.024488093,0.001028532,"mRNA","Downregulated"
"ENSG00000205730",1.958285698,0.001037948,"mRNA","Upregulated"
"ENSG00000170542",3.289470563,0.001138851,"mRNA","Upregulated"
"ENSG00000165124",2.468757005,0.001158457,"mRNA","Upregulated"
"ENSG00000087074",1.532549068,0.00119029,"mRNA","Upregulated"
"ENSG00000078687",-1.202355892,0.001210057,"mRNA","Downregulated"
"ENSG00000152558",1.104825885,0.001238214,"mRNA","Upregulated"
"ENSG00000182871",-2.120985064,0.001264332,"mRNA","Downregulated"
"ENSG00000125347",1.721510292,0.00127023,"mRNA","Upregulated"
"ENSG00000159917",-0.893022742,0.001275973,"mRNA","Downregulated"
"ENSG00000139618",1.587809786,0.001276629,"mRNA","Upregulated"
"ENSG00000102921",1.907257122,0.001304179,"mRNA","Upregulated"
"ENSG00000140968",1.552277345,0.001332885,"mRNA","Upregulated"
"ENSG00000168610",1.500205209,0.001357518,"mRNA","Upregulated"
"ENSG00000165637",1.65317971,0.001398751,"mRNA","Upregulated"
"ENSG00000081320",2.015448799,0.001488463,"mRNA","Upregulated"
"ENSG00000167543",-1.014232808,0.001498762,"mRNA","Downregulated"
"ENSG00000010818",3.84382502,0.001515809,"mRNA","Upregulated"
"ENSG00000166881",2.471028163,0.001520109,"mRNA","Upregulated"
"ENSG00000168124",1.16553498,0.001558911,"mRNA","Upregulated"
"ENSG00000136490",-0.888628903,0.001558911,"mRNA","Downregulated"
"ENSG00000125826",1.903231712,0.001558911,"mRNA","Upregulated"
"ENSG00000118855",1.114343019,0.001576534,"mRNA","Upregulated"
"ENSG00000136457",-1.597229578,0.001581783,"mRNA","Downregulated"
"ENSG00000169136",0.798168629,0.001585046,"mRNA","Upregulated"
"ENSG00000213977",-1.938928156,0.001587103,"mRNA","Downregulated"
"ENSG00000141349",-0.938883727,0.001588786,"mRNA","Downregulated"
"ENSG00000147650",1.904226649,0.001590589,"mRNA","Upregulated"
"ENSG00000162496",-2.189609107,0.001592435,"mRNA","Downregulated"
"ENSG00000123728",1.760689429,0.001600854,"mRNA","Upregulated"
"ENSG00000101336",1.694950041,0.001600947,"mRNA","Upregulated"
"ENSG00000123240",1.603145965,0.001602386,"mRNA","Upregulated"
"ENSG00000127603",1.650444803,0.001624214,"mRNA","Upregulated"
"ENSG00000165525",-0.777545581,0.001626456,"mRNA","Downregulated"
"ENSG00000173599",-1.111949534,0.001659563,"mRNA","Downregulated"
"ENSG00000110422",1.268200711,0.001680775,"mRNA","Upregulated"
"ENSG00000124788",1.843197537,0.001689289,"mRNA","Upregulated"
"ENSG00000169504",1.109993863,0.001702434,"mRNA","Upregulated"
"ENSG00000013375",1.510925822,0.001758606,"mRNA","Upregulated"
"ENSG00000160285",5.589513535,0.001832492,"mRNA","Upregulated"
"ENSG00000150687",3.19381835,0.001850642,"mRNA","Upregulated"
"ENSG00000118260",-1.297339265,0.001881483,"mRNA","Downregulated"
"ENSG00000120063",1.767337835,0.00188257,"mRNA","Upregulated"
"ENSG00000163913",-0.841647897,0.001901164,"mRNA","Downregulated"
"ENSG00000140945",-1.473151795,0.001995952,"mRNA","Downregulated"
"ENSG00000127054",-1.059497766,0.001995966,"mRNA","Downregulated"
"ENSG00000138382",0.915910697,0.002056007,"mRNA","Upregulated"
"ENSG00000128250",-1.634836366,0.002056007,"mRNA","Downregulated"
"ENSG00000099860",3.605941024,0.002060079,"mRNA","Upregulated"
"ENSG00000164116",4.028582323,0.002081152,"mRNA","Upregulated"
"ENSG00000111206",-2.400484619,0.002081152,"mRNA","Downregulated"
"ENSG00000197122",1.560386359,0.002081152,"mRNA","Upregulated"
"ENSG00000143156",0.712179942,0.002133946,"mRNA","Upregulated"
"ENSG00000117523",1.074104454,0.002144383,"mRNA","Upregulated"
"ENSG00000073756",4.821658815,0.002182252,"mRNA","Upregulated"
"ENSG00000236699",0.990173973,0.002184742,"mRNA","Upregulated"
"ENSG00000163608",-0.701841647,0.002204656,"mRNA","Downregulated"
"ENSG00000151687",-1.614886498,0.002209439,"mRNA","Downregulated"
"ENSG00000176046",2.024617796,0.002264324,"mRNA","Upregulated"
"ENSG00000100911",1.68491737,0.00245065,"mRNA","Upregulated"
"ENSG00000116670",1.059204066,0.002514078,"mRNA","Upregulated"
"ENSG00000168389",4.965816977,0.002532879,"mRNA","Upregulated"
"ENSG00000053770",0.658553718,0.002547747,"mRNA","Upregulated"
"ENSG00000079215",1.411286638,0.002555713,"mRNA","Upregulated"
"ENSG00000112984",-0.716300846,0.002555713,"mRNA","Downregulated"
"ENSG00000167258",1.279867685,0.002612377,"mRNA","Upregulated"
"ENSG00000214756",-1.144607083,0.002615636,"mRNA","Downregulated"
"ENSG00000150991",1.008619582,0.002625215,"mRNA","Upregulated"
"ENSG00000132475",0.810881318,0.002626371,"mRNA","Upregulated"
"ENSG00000127831",-1.023747127,0.00265165,"mRNA","Downregulated"
"ENSG00000154380",-5.545974081,0.002666261,"mRNA","Downregulated"
"ENSG00000070961",1.583857302,0.002680559,"mRNA","Upregulated"
"ENSG00000100109",-0.793959342,0.002691582,"mRNA","Downregulated"
"ENSG00000085365",-1.232397786,0.002701976,"mRNA","Downregulated"
"ENSG00000136560",1.471657099,0.002720019,"mRNA","Upregulated"
"ENSG00000146872",1.058804906,0.00274431,"mRNA","Upregulated"
"ENSG00000109805",-0.744849049,0.002755777,"mRNA","Downregulated"
"ENSG00000108828",1.112627062,0.002756195,"mRNA","Upregulated"
"ENSG00000156381",-3.363096578,0.002774708,"mRNA","Downregulated"
"ENSG00000126106",-0.745837244,0.002797826,"mRNA","Downregulated"
"ENSG00000196247",5.198190102,0.002822929,"mRNA","Upregulated"
"ENSG00000157693",4.155886043,0.002852156,"mRNA","Upregulated"
"ENSG00000130066",1.40927941,0.00290816,"mRNA","Upregulated"
"ENSG00000168944",3.203089195,0.002914701,"mRNA","Upregulated"
"ENSG00000256029",-1.071227936,0.002955366,"mRNA","Downregulated"
"ENSG00000100099",1.80798902,0.003040635,"mRNA","Upregulated"
"ENSG00000113580",1.539603345,0.003041427,"mRNA","Upregulated"
"ENSG00000187554",3.419848298,0.003134376,"mRNA","Upregulated"
"ENSG00000083807",-1.035236513,0.003134376,"mRNA","Downregulated"
"ENSG00000137720",-1.528020867,0.003213848,"mRNA","Downregulated"
"ENSG00000163378",1.647724729,0.003236988,"mRNA","Upregulated"
"ENSG00000235750",2.362711254,0.003279721,"mRNA","Upregulated"
"ENSG00000288649",-4.088718638,0.003352012,"mRNA","Downregulated"
"ENSG00000126001",-1.32938774,0.003485927,"mRNA","Downregulated"
"ENSG00000196313",-1.10904902,0.003499196,"mRNA","Downregulated"
"ENSG00000178974",-0.712647511,0.003520102,"mRNA","Downregulated"
"ENSG00000215183",-0.582082149,0.003545554,"mRNA","Downregulated"
"ENSG00000164181",2.835454399,0.003596632,"mRNA","Upregulated"
"ENSG00000005889",2.088505743,0.003655948,"mRNA","Upregulated"
"ENSG00000155975",2.101807239,0.003661569,"mRNA","Upregulated"
"ENSG00000235106",-1.128835294,0.003765519,"mRNA","Downregulated"
"ENSG00000205413",2.038631487,0.003837468,"mRNA","Upregulated"
"ENSG00000125872",-0.951572903,0.003855924,"mRNA","Downregulated"
"ENSG00000155324",4.12494019,0.003891323,"mRNA","Upregulated"
"ENSG00000166920",1.958509678,0.003891323,"mRNA","Upregulated"
"ENSG00000117477",1.776773304,0.003981283,"mRNA","Upregulated"
"ENSG00000100014",4.742052744,0.003981283,"mRNA","Upregulated"
"ENSG00000137216",1.858092537,0.003988594,"mRNA","Upregulated"
"ENSG00000110218",2.80113577,0.003988594,"mRNA","Upregulated"
"ENSG00000163734",2.220397405,0.004013959,"mRNA","Upregulated"
"ENSG00000124942",1.230609962,0.004035655,"mRNA","Upregulated"
"ENSG00000151725",-1.047462717,0.004143795,"mRNA","Downregulated"
"ENSG00000186063",0.820284537,0.004164177,"mRNA","Upregulated"
"ENSG00000054965",-0.952821953,0.004164177,"mRNA","Downregulated"
"ENSG00000196116",2.525156721,0.004177509,"mRNA","Upregulated"
"ENSG00000124181",-2.081551854,0.004177509,"mRNA","Downregulated"
"ENSG00000112773",1.959932681,0.004198044,"mRNA","Upregulated"
"ENSG00000197442",1.421114509,0.004205808,"mRNA","Upregulated"
"ENSG00000108786",-0.903875725,0.004205808,"mRNA","Downregulated"
"ENSG00000243414",2.397830084,0.004246472,"mRNA","Upregulated"
"ENSG00000156928",1.246086018,0.004260679,"mRNA","Upregulated"
"ENSG00000026103",0.654308637,0.00438072,"mRNA","Upregulated"
"ENSG00000197713",1.422645764,0.004417681,"mRNA","Upregulated"
"ENSG00000165028",-1.557740086,0.004442234,"mRNA","Downregulated"
"ENSG00000108773",2.502236779,0.004488245,"mRNA","Upregulated"
"ENSG00000182782",2.85420206,0.004503465,"mRNA","Upregulated"
"ENSG00000105993",1.530251065,0.004513396,"mRNA","Upregulated"
"ENSG00000196811",-1.424025832,0.004531161,"mRNA","Downregulated"
"ENSG00000089127",1.854487326,0.004545808,"mRNA","Upregulated"
"ENSG00000141985",1.319330059,0.00455237,"mRNA","Upregulated"
"ENSG00000105810",1.990151079,0.004553031,"mRNA","Upregulated"
"ENSG00000118816",1.395751559,0.004574927,"mRNA","Upregulated"
"ENSG00000084093",-0.896147838,0.004610587,"mRNA","Downregulated"
"ENSG00000116747",-0.871304807,0.004638662,"mRNA","Downregulated"
"ENSG00000156973",-1.407488269,0.004638662,"mRNA","Downregulated"
"ENSG00000168062",5.312968473,0.004724258,"mRNA","Upregulated"
"ENSG00000175130",3.879456917,0.004922852,"mRNA","Upregulated"
"ENSG00000196712",-0.773781235,0.004943097,"mRNA","Downregulated"
"ENSG00000206418",2.084358768,0.005027898,"mRNA","Upregulated"
"ENSG00000162585",-1.265567936,0.005053771,"mRNA","Downregulated"
"ENSG00000183844",4.219098261,0.005107204,"mRNA","Upregulated"
"ENSG00000117475",2.168515696,0.005109331,"mRNA","Upregulated"
"ENSG00000214413",-0.755495501,0.005113911,"mRNA","Downregulated"
"ENSG00000155307",1.608210554,0.005146158,"mRNA","Upregulated"
"ENSG00000188316",-2.215312673,0.00518352,"mRNA","Downregulated"
"ENSG00000162298",-0.642642315,0.005203582,"mRNA","Downregulated"
"ENSG00000113583",1.608168948,0.005214522,"mRNA","Upregulated"
"ENSG00000111331",2.060533359,0.005224786,"mRNA","Upregulated"
"ENSG00000197102",1.244328279,0.00535205,"mRNA","Upregulated"
"ENSG00000150433",-2.19683926,0.005373354,"mRNA","Downregulated"
"ENSG00000140691",0.800386154,0.005500681,"mRNA","Upregulated"
"ENSG00000147647",-1.297612412,0.005686731,"mRNA","Downregulated"
"ENSG00000141232",-1.842799826,0.005686731,"mRNA","Downregulated"
"ENSG00000134028",1.347412415,0.005696047,"mRNA","Upregulated"
"ENSG00000136709",-0.653690706,0.005708389,"mRNA","Downregulated"
"ENSG00000073331",1.615536737,0.005708389,"mRNA","Upregulated"
"ENSG00000206530",2.807719725,0.005741744,"mRNA","Upregulated"
"ENSG00000132603",-1.021622121,0.005744757,"mRNA","Downregulated"
"ENSG00000132530",2.61884699,0.005766252,"mRNA","Upregulated"
"ENSG00000288658",5.286004106,0.005941234,"mRNA","Upregulated"
"ENSG00000111877",-0.775610946,0.005946538,"mRNA","Downregulated"
"ENSG00000164168",-1.44638124,0.005992399,"mRNA","Downregulated"
"ENSG00000012061",-1.262299945,0.005992399,"mRNA","Downregulated"
"ENSG00000011007",-1.152561221,0.00604433,"mRNA","Downregulated"
"ENSG00000171522",1.653179912,0.006059094,"mRNA","Upregulated"
"ENSG00000073008",2.216387686,0.006113619,"mRNA","Upregulated"
"ENSG00000106605",2.154274517,0.006203532,"mRNA","Upregulated"
"ENSG00000242247",1.696541726,0.00622149,"mRNA","Upregulated"
"ENSG00000102362",-1.871355148,0.006290187,"mRNA","Downregulated"
"ENSG00000022567",-2.042018994,0.006439489,"mRNA","Downregulated"
"ENSG00000188687",0.639398138,0.006453432,"mRNA","Upregulated"
"ENSG00000033800",-0.650538313,0.006606927,"mRNA","Downregulated"
"ENSG00000137710",1.282946352,0.006622285,"mRNA","Upregulated"
"ENSG00000214872",1.540732565,0.006648734,"mRNA","Upregulated"
"ENSG00000110436",2.170274662,0.00665718,"mRNA","Upregulated"
"ENSG00000197774",-0.553463691,0.006883316,"mRNA","Downregulated"
"ENSG00000020577",2.317877097,0.006888535,"mRNA","Upregulated"
"ENSG00000164713",1.871485495,0.006976132,"mRNA","Upregulated"
"ENSG00000149212",1.675623732,0.006991085,"mRNA","Upregulated"
"ENSG00000163806",-0.921895804,0.007013142,"mRNA","Downregulated"
"ENSG00000176928",2.452163794,0.007201908,"mRNA","Upregulated"
"ENSG00000106952",2.55945821,0.007217375,"mRNA","Upregulated"
"ENSG00000119922",4.381965078,0.007234535,"mRNA","Upregulated"
"ENSG00000103253",-0.769687498,0.007294461,"mRNA","Downregulated"
"ENSG00000182324",-1.884080135,0.007361769,"mRNA","Downregulated"
"ENSG00000066405",-2.261955516,0.007639991,"mRNA","Downregulated"
"ENSG00000180104",-1.104253958,0.007639991,"mRNA","Downregulated"
"ENSG00000152601",1.353379755,0.007703627,"mRNA","Upregulated"
"ENSG00000166793",-2.132853877,0.007749675,"mRNA","Downregulated"
"ENSG00000183484",2.118860605,0.007820386,"mRNA","Upregulated"
"ENSG00000114378",-1.766913851,0.007934465,"mRNA","Downregulated"
"ENSG00000213064",1.278577843,0.007963878,"mRNA","Upregulated"
"ENSG00000039123",0.727131682,0.007994834,"mRNA","Upregulated"
"ENSG00000108819",-2.120935807,0.007994834,"mRNA","Downregulated"
"ENSG00000164465",0.905903452,0.007996761,"mRNA","Upregulated"
"ENSG00000110435",0.927415033,0.008166996,"mRNA","Upregulated"
"ENSG00000172197",-2.414180237,0.008183863,"mRNA","Downregulated"
"ENSG00000178607",2.725756462,0.008217649,"mRNA","Upregulated"
"ENSG00000138593",1.506703261,0.008485436,"mRNA","Upregulated"
"ENSG00000185379",-4.969478734,0.008485436,"mRNA","Downregulated"
"ENSG00000139437",-0.671158607,0.008490465,"mRNA","Downregulated"
"ENSG00000181788",2.831563502,0.008523041,"mRNA","Upregulated"
"ENSG00000277443",3.256644262,0.008597223,"mRNA","Upregulated"
"ENSG00000105967",1.126216515,0.008610293,"mRNA","Upregulated"
"ENSG00000108961",-2.009141949,0.008632597,"mRNA","Downregulated"
"ENSG00000131591",3.043803702,0.008800113,"mRNA","Upregulated"
"ENSG00000155026",0.842152377,0.008807732,"mRNA","Upregulated"
"ENSG00000136305",-0.577051943,0.008945357,"mRNA","Downregulated"
"ENSG00000103544",-1.231561609,0.008968642,"mRNA","Downregulated"
"ENSG00000145386",1.084761116,0.00922764,"mRNA","Upregulated"
"ENSG00000104892",-1.817632975,0.009303,"mRNA","Downregulated"
"ENSG00000134070",3.325644919,0.009321188,"mRNA","Upregulated"
"ENSG00000162772",1.321535869,0.009324808,"mRNA","Upregulated"
"ENSG00000171109",1.222765472,0.009384867,"mRNA","Upregulated"
"ENSG00000177105",2.861464785,0.009384867,"mRNA","Upregulated"
"ENSG00000111481",1.699383453,0.009395798,"mRNA","Upregulated"
"ENSG00000154719",1.993247057,0.009395984,"mRNA","Upregulated"
"ENSG00000023330",1.754053235,0.009448484,"mRNA","Upregulated"
"ENSG00000182481",1.760747536,0.009642566,"mRNA","Upregulated"
"ENSG00000154310",1.490656716,0.00965169,"mRNA","Upregulated"
"ENSG00000136869",1.349733624,0.00965561,"mRNA","Upregulated"
"ENSG00000177301",-1.019812887,0.009679173,"mRNA","Downregulated"
"ENSG00000185085",-1.170492374,0.009694887,"mRNA","Downregulated"
"ENSG00000131669",2.030534413,0.009740113,"mRNA","Upregulated"
"ENSG00000197249",1.806601697,0.009748362,"mRNA","Upregulated"
"ENSG00000131849",-1.482142456,0.009780482,"mRNA","Downregulated"
"ENSG00000150347",1.98530325,0.00979746,"mRNA","Upregulated"
"ENSG00000184634",-1.183407237,0.00979746,"mRNA","Downregulated"
"ENSG00000181036",-1.138055234,0.009827739,"mRNA","Downregulated"
"ENSG00000100813",-0.685098282,0.009849723,"mRNA","Downregulated"
"ENSG00000215187",-1.403819048,0.009870816,"mRNA","Downregulated"
"ENSG00000135090",1.313456991,0.009894623,"mRNA","Upregulated"
"ENSG00000008294",1.25730133,0.009978064,"mRNA","Upregulated"
"ENSG00000140575",0.937992426,0.010005156,"mRNA","Upregulated"
"ENSG00000121940",-1.281189987,0.010238021,"mRNA","Downregulated"
"ENSG00000144035",2.702438555,0.010248413,"mRNA","Upregulated"
"ENSG00000182810",-3.347926366,0.010248413,"mRNA","Downregulated"
"ENSG00000144560",-0.61130048,0.010310131,"mRNA","Downregulated"
"ENSG00000085511",2.079050736,0.010310266,"mRNA","Upregulated"
"ENSG00000225921",-0.554959638,0.010431325,"mRNA","Downregulated"
"ENSG00000125871",-0.639713007,0.010431325,"mRNA","Downregulated"
"ENSG00000166220",5.549916817,0.010508601,"mRNA","Upregulated"
"ENSG00000118369",1.50624669,0.010581289,"mRNA","Upregulated"
"ENSG00000188641",1.175327194,0.01061317,"mRNA","Upregulated"
"ENSG00000113356",-1.817710895,0.010674725,"mRNA","Downregulated"
"ENSG00000080007",1.657779248,0.010755358,"mRNA","Upregulated"
"ENSG00000168036",1.146998741,0.010820173,"mRNA","Upregulated"
"ENSG00000088808",-0.882248531,0.010820173,"mRNA","Downregulated"
"ENSG00000158863",-1.556562698,0.010854279,"mRNA","Downregulated"
"ENSG00000137757",5.059158002,0.010854279,"mRNA","Upregulated"
"ENSG00000131951",4.882577406,0.010935332,"mRNA","Upregulated"
"ENSG00000008853",0.719613892,0.010976584,"mRNA","Upregulated"
"ENSG00000063176",-1.341891251,0.010981976,"mRNA","Downregulated"
"ENSG00000165959",-1.022137587,0.011101194,"mRNA","Downregulated"
"ENSG00000156273",1.495715454,0.011101194,"mRNA","Upregulated"
"ENSG00000138100",-1.329564467,0.011140199,"mRNA","Downregulated"
"ENSG00000141027",-0.819676777,0.011182818,"mRNA","Downregulated"
"ENSG00000147324",1.499712163,0.011229477,"mRNA","Upregulated"
"ENSG00000137713",-1.047235232,0.01141307,"mRNA","Downregulated"
"ENSG00000120688",2.568987037,0.011647209,"mRNA","Upregulated"
"ENSG00000173548",1.893989556,0.011684546,"mRNA","Upregulated"
"ENSG00000158467",3.164898324,0.011702946,"mRNA","Upregulated"
"ENSG00000005700",1.303208013,0.01173084,"mRNA","Upregulated"
"ENSG00000187775",-0.787723992,0.011937093,"mRNA","Downregulated"
"ENSG00000169217",-0.79576065,0.012139638,"mRNA","Downregulated"
"ENSG00000233276",2.104766521,0.012205185,"mRNA","Upregulated"
"ENSG00000105281",-1.771277046,0.012230143,"mRNA","Downregulated"
"ENSG00000160957",-1.900460576,0.012453623,"mRNA","Downregulated"
"ENSG00000147443",-4.782618882,0.012580378,"mRNA","Downregulated"
"ENSG00000151743",-1.717416956,0.012580378,"mRNA","Downregulated"
"ENSG00000106803",1.592690679,0.012677155,"mRNA","Upregulated"
"ENSG00000038427",2.34283356,0.012739908,"mRNA","Upregulated"
"ENSG00000215301",1.168838753,0.012761664,"mRNA","Upregulated"
"ENSG00000139687",-1.126598674,0.012833862,"mRNA","Downregulated"
"ENSG00000041357",1.556067384,0.01283677,"mRNA","Upregulated"
"ENSG00000059378",1.081875702,0.012871544,"mRNA","Upregulated"
"ENSG00000159200",1.865635095,0.012889664,"mRNA","Upregulated"
"ENSG00000155368",1.368819835,0.012918427,"mRNA","Upregulated"
"ENSG00000135185",0.984471081,0.013036323,"mRNA","Upregulated"
"ENSG00000125457",-0.658641264,0.01312134,"mRNA","Downregulated"
"ENSG00000158286",-1.00181687,0.013128222,"mRNA","Downregulated"
"ENSG00000152492",2.105277892,0.013172782,"mRNA","Upregulated"
"ENSG00000170271",-0.773659716,0.013374228,"mRNA","Downregulated"
"ENSG00000087470",-0.933613997,0.013449985,"mRNA","Downregulated"
"ENSG00000140553",-0.783485482,0.013753052,"mRNA","Downregulated"
"ENSG00000051620",-2.122029383,0.013764822,"mRNA","Downregulated"
"ENSG00000128228",4.963449535,0.01379272,"mRNA","Upregulated"
"ENSG00000144909",-1.661513167,0.014007747,"mRNA","Downregulated"
"ENSG00000178385",2.497205708,0.014118437,"mRNA","Upregulated"
"ENSG00000151503",-0.77393369,0.014152934,"mRNA","Downregulated"
"ENSG00000112782",3.167769732,0.014344829,"mRNA","Upregulated"
"ENSG00000206559",0.854500433,0.014353607,"mRNA","Upregulated"
"ENSG00000158050",2.247808261,0.014527563,"mRNA","Upregulated"
"ENSG00000198804",0.806306966,0.014527563,"mRNA","Upregulated"
"ENSG00000196544",-1.897052119,0.014543565,"mRNA","Downregulated"
"ENSG00000065135",1.369938293,0.01455258,"mRNA","Upregulated"
"ENSG00000167208",2.689083408,0.014687318,"mRNA","Upregulated"
"ENSG00000187239",2.069990503,0.014840195,"mRNA","Upregulated"
"ENSG00000104321",0.816850555,0.014881727,"mRNA","Upregulated"
"ENSG00000149084",1.517209579,0.014911565,"mRNA","Upregulated"
"ENSG00000293569",-1.389420469,0.014911565,"mRNA","Downregulated"
"ENSG00000114251",4.844164448,0.015095578,"mRNA","Upregulated"
"ENSG00000138119",1.130789688,0.015254512,"mRNA","Upregulated"
"ENSG00000081721",-1.366545271,0.015308819,"mRNA","Downregulated"
"ENSG00000107771",1.93317416,0.015354535,"mRNA","Upregulated"
"ENSG00000130695",-3.913259959,0.015425758,"mRNA","Downregulated"
"ENSG00000148331",-0.650876858,0.015558275,"mRNA","Downregulated"
"ENSG00000197111",-1.123087761,0.015887662,"mRNA","Downregulated"
"ENSG00000186340",-1.694207048,0.016014804,"mRNA","Downregulated"
"ENSG00000164543",0.788262924,0.01607796,"mRNA","Upregulated"
"ENSG00000119185",0.716839448,0.016182213,"mRNA","Upregulated"
"ENSG00000247596",-0.733697268,0.016182213,"mRNA","Downregulated"
"ENSG00000148843",-1.485789228,0.01630226,"mRNA","Downregulated"
"ENSG00000155893",2.936215682,0.016306275,"mRNA","Upregulated"
"ENSG00000168818",1.988389061,0.016364191,"mRNA","Upregulated"
"ENSG00000062194",1.866425069,0.016434624,"mRNA","Upregulated"
"ENSG00000103061",-0.606226636,0.016525016,"mRNA","Downregulated"
"ENSG00000189129",-1.083248967,0.016544617,"mRNA","Downregulated"
"ENSG00000178860",0.733962269,0.016601538,"mRNA","Upregulated"
"ENSG00000103642",1.384779302,0.016683693,"mRNA","Upregulated"
"ENSG00000118473",4.833080118,0.016693341,"mRNA","Upregulated"
"ENSG00000154025",-1.277558181,0.016709492,"mRNA","Downregulated"
"ENSG00000120029",2.536657426,0.01689291,"mRNA","Upregulated"
"ENSG00000178802",-0.834713277,0.01689291,"mRNA","Downregulated"
"ENSG00000103091",1.202310318,0.01689291,"mRNA","Upregulated"
"ENSG00000130312",-1.232367833,0.016925745,"mRNA","Downregulated"
"ENSG00000116701",0.858354543,0.017475096,"mRNA","Upregulated"
"ENSG00000126214",-0.981821392,0.017475096,"mRNA","Downregulated"
"ENSG00000143443",0.462084032,0.017511488,"mRNA","Upregulated"
"ENSG00000183726",1.534876195,0.017629124,"mRNA","Upregulated"
"ENSG00000102805",0.609377037,0.017645811,"mRNA","Upregulated"
"ENSG00000079332",1.470409797,0.017663234,"mRNA","Upregulated"
"ENSG00000088727",-0.794567756,0.017794185,"mRNA","Downregulated"
"ENSG00000164638",-1.298833322,0.017794185,"mRNA","Downregulated"
"ENSG00000122034",-0.57082435,0.017794185,"mRNA","Downregulated"
"ENSG00000176463",3.503215396,0.017846801,"mRNA","Upregulated"
"ENSG00000180383",4.46228755,0.018050973,"mRNA","Upregulated"
"ENSG00000164306",0.789580788,0.018061921,"mRNA","Upregulated"
"ENSG00000135482",-2.47068466,0.01826777,"mRNA","Downregulated"
"ENSG00000151665",0.470853351,0.01872695,"mRNA","Upregulated"
"ENSG00000115919",1.189189165,0.018771921,"mRNA","Upregulated"
"ENSG00000197885",0.620886685,0.018850539,"mRNA","Upregulated"
"ENSG00000108219",1.220679255,0.018850539,"mRNA","Upregulated"
"ENSG00000167394",-1.394406566,0.018850539,"mRNA","Downregulated"
"ENSG00000100219",1.498956123,0.018850539,"mRNA","Upregulated"
"ENSG00000164603",2.255946743,0.018857531,"mRNA","Upregulated"
"ENSG00000126882",-3.069776744,0.019029638,"mRNA","Downregulated"
"ENSG00000163754",-0.56201878,0.019077875,"mRNA","Downregulated"
"ENSG00000152684",-1.931263534,0.019079292,"mRNA","Downregulated"
"ENSG00000164597",0.649267299,0.019171927,"mRNA","Upregulated"
"ENSG00000125384",1.749595046,0.019394903,"mRNA","Upregulated"
"ENSG00000164674",0.495016712,0.019443227,"mRNA","Upregulated"
"ENSG00000183979",-0.960682215,0.019852389,"mRNA","Downregulated"
"ENSG00000128789",-0.861902371,0.019901641,"mRNA","Downregulated"
"ENSG00000125454",-1.617682287,0.019972622,"mRNA","Downregulated"
"ENSG00000023041",0.469278012,0.020002943,"mRNA","Upregulated"
"ENSG00000010810",4.749357645,0.020100892,"mRNA","Upregulated"
"ENSG00000133302",1.121659128,0.020132251,"mRNA","Upregulated"
"ENSG00000002549",1.169347027,0.020544532,"mRNA","Upregulated"
"ENSG00000177602",-2.618961674,0.020681472,"mRNA","Downregulated"
"ENSG00000058335",-2.231821484,0.020931294,"mRNA","Downregulated"
"ENSG00000171115",1.737438161,0.021132717,"mRNA","Upregulated"
"ENSG00000165275",-0.955033043,0.021188907,"mRNA","Downregulated"
"ENSG00000090581",-0.756250478,0.021443308,"mRNA","Downregulated"
"ENSG00000125952",-0.707459237,0.021561223,"mRNA","Downregulated"
"ENSG00000086189",-0.763768846,0.021572054,"mRNA","Downregulated"
"ENSG00000067167",0.999019431,0.021615364,"mRNA","Upregulated"
"ENSG00000118257",1.189323649,0.021712873,"mRNA","Upregulated"
"ENSG00000174306",-4.429828658,0.021732281,"mRNA","Downregulated"
"ENSG00000160908",-0.678058675,0.02188071,"mRNA","Downregulated"
"ENSG00000159496",-0.785796055,0.021899879,"mRNA","Downregulated"
"ENSG00000170873",-1.16919632,0.022524774,"mRNA","Downregulated"
"ENSG00000171962",-1.436837381,0.022536885,"mRNA","Downregulated"
"ENSG00000176160",4.000594183,0.02278475,"mRNA","Upregulated"
"ENSG00000153446",-4.644690139,0.02303928,"mRNA","Downregulated"
"ENSG00000134013",-2.934127512,0.023366726,"mRNA","Downregulated"
"ENSG00000126003",4.361928222,0.023366726,"mRNA","Upregulated"
"ENSG00000113302",4.743652394,0.023394846,"mRNA","Upregulated"
"ENSG00000149054",-1.620545929,0.023498815,"mRNA","Downregulated"
"ENSG00000044459",3.695880754,0.02351208,"mRNA","Upregulated"
"ENSG00000164040",-4.172155947,0.023609202,"mRNA","Downregulated"
"ENSG00000107949",-0.7590347,0.023621454,"mRNA","Downregulated"
"ENSG00000143994",-0.83122959,0.023946846,"mRNA","Downregulated"
"ENSG00000175854",-0.745274714,0.024055569,"mRNA","Downregulated"
"ENSG00000204922",-1.183490988,0.024070344,"mRNA","Downregulated"
"ENSG00000134321",3.737483468,0.024087275,"mRNA","Upregulated"
"ENSG00000182197",5.128324875,0.024181457,"mRNA","Upregulated"
"ENSG00000154920",0.519368024,0.024264894,"mRNA","Upregulated"
"ENSG00000168310",2.488969554,0.024351852,"mRNA","Upregulated"
"ENSG00000188290",4.680719385,0.024775581,"mRNA","Upregulated"
"ENSG00000018189",1.488546936,0.024775581,"mRNA","Upregulated"
"ENSG00000038532",2.142236548,0.024874965,"mRNA","Upregulated"
"ENSG00000053747",3.650166107,0.024874965,"mRNA","Upregulated"
"ENSG00000137673",1.500680741,0.024892998,"mRNA","Upregulated"
"ENSG00000011295",-0.920981986,0.02491631,"mRNA","Downregulated"
"ENSG00000131153",-3.154282363,0.025076102,"mRNA","Downregulated"
"ENSG00000168887",-2.730348334,0.025116274,"mRNA","Downregulated"
"ENSG00000118503",1.445903285,0.025116274,"mRNA","Upregulated"
"ENSG00000125450",-1.88065808,0.025116274,"mRNA","Downregulated"
"ENSG00000156709",1.73986772,0.025116274,"mRNA","Upregulated"
"ENSG00000154451",2.935096569,0.025149381,"mRNA","Upregulated"
"ENSG00000154359",1.676690862,0.025165136,"mRNA","Upregulated"
"ENSG00000131650",-0.864297036,0.025315837,"mRNA","Downregulated"
"ENSG00000106100",1.434895227,0.025595405,"mRNA","Upregulated"
"ENSG00000088543",-0.768982594,0.025627127,"mRNA","Downregulated"
"ENSG00000169032",-1.001935203,0.025680207,"mRNA","Downregulated"
"ENSG00000115758",-1.466555243,0.025922427,"mRNA","Downregulated"
"ENSG00000124782",1.251742908,0.026113831,"mRNA","Upregulated"
"ENSG00000167100",-1.142858313,0.026113831,"mRNA","Downregulated"
"ENSG00000117360",2.449707345,0.026178463,"mRNA","Upregulated"
"ENSG00000133812",-0.626716196,0.026416077,"mRNA","Downregulated"
"ENSG00000134294",-1.305199127,0.026416077,"mRNA","Downregulated"
"ENSG00000250565",0.475632126,0.026545762,"mRNA","Upregulated"
"ENSG00000048540",-2.381628821,0.026593927,"mRNA","Downregulated"
"ENSG00000119760",-0.571632939,0.026631622,"mRNA","Downregulated"
"ENSG00000152284",2.4392825,0.026673934,"mRNA","Upregulated"
"ENSG00000139132",-1.460229788,0.026703347,"mRNA","Downregulated"
"ENSG00000140105",1.131109264,0.026811751,"mRNA","Upregulated"
"ENSG00000168884",1.856779652,0.027003976,"mRNA","Upregulated"
"ENSG00000140464",1.810613251,0.027344691,"mRNA","Upregulated"
"ENSG00000133422",-2.65045119,0.027462864,"mRNA","Downregulated"
"ENSG00000132256",2.357585443,0.027673396,"mRNA","Upregulated"
"ENSG00000115091",0.779185925,0.028301509,"mRNA","Upregulated"
"ENSG00000138688",1.602586223,0.028413854,"mRNA","Upregulated"
"ENSG00000178935",0.956728912,0.028462603,"mRNA","Upregulated"
"ENSG00000156587",1.477978024,0.0285626,"mRNA","Upregulated"
"ENSG00000106268",-1.109862694,0.028592641,"mRNA","Downregulated"
"ENSG00000140030",-2.713032049,0.028761218,"mRNA","Downregulated"
"ENSG00000143344",1.82956787,0.028804362,"mRNA","Upregulated"
"ENSG00000124496",-4.609662751,0.028880436,"mRNA","Downregulated"
"ENSG00000179454",-0.811166676,0.029025425,"mRNA","Downregulated"
"ENSG00000107643",1.243756701,0.029481461,"mRNA","Upregulated"
"ENSG00000105997",-4.58283456,0.030039075,"mRNA","Downregulated"
"ENSG00000174004",-1.325142815,0.030090614,"mRNA","Downregulated"
"ENSG00000196730",1.301286786,0.030123266,"mRNA","Upregulated"
"ENSG00000187066",-0.478315306,0.030128783,"mRNA","Downregulated"
"ENSG00000120899",1.503084799,0.030140312,"mRNA","Upregulated"
"ENSG00000138660",1.29569439,0.030240403,"mRNA","Upregulated"
"ENSG00000126453",-0.626951693,0.030425805,"mRNA","Downregulated"
"ENSG00000112972",1.410319144,0.030434446,"mRNA","Upregulated"
"ENSG00000166200",2.15141491,0.030434446,"mRNA","Upregulated"
"ENSG00000139631",-1.366323589,0.03045096,"mRNA","Downregulated"
"ENSG00000198513",0.668951514,0.030671062,"mRNA","Upregulated"
"ENSG00000198610",-4.744565792,0.030707211,"mRNA","Downregulated"
"ENSG00000049249",2.451373773,0.030943641,"mRNA","Upregulated"
"ENSG00000136048",0.996168344,0.030943641,"mRNA","Upregulated"
"ENSG00000125149",-0.849611421,0.030943641,"mRNA","Downregulated"
"ENSG00000135164",-0.665639218,0.030961282,"mRNA","Downregulated"
"ENSG00000169155",1.630052906,0.030961282,"mRNA","Upregulated"
"ENSG00000134480",-0.730818841,0.031072161,"mRNA","Downregulated"
"ENSG00000184988",2.129337269,0.03144853,"mRNA","Upregulated"
"ENSG00000092199",1.030206107,0.031652619,"mRNA","Upregulated"
"ENSG00000131097",-1.867747424,0.031778874,"mRNA","Downregulated"
"ENSG00000067066",1.328977913,0.03180155,"mRNA","Upregulated"
"ENSG00000123066",1.683600151,0.031840128,"mRNA","Upregulated"
"ENSG00000155287",2.406875401,0.031881178,"mRNA","Upregulated"
"ENSG00000269713",2.554092796,0.031936185,"mRNA","Upregulated"
"ENSG00000188897",3.228518267,0.03232882,"mRNA","Upregulated"
"ENSG00000103534",-2.906577246,0.032486081,"mRNA","Downregulated"
"ENSG00000198791",0.617751316,0.032778245,"mRNA","Upregulated"
"ENSG00000132294",1.234446551,0.0328464,"mRNA","Upregulated"
"ENSG00000111266",-0.909366527,0.032868105,"mRNA","Downregulated"
"ENSG00000173567",0.712739657,0.032995769,"mRNA","Upregulated"
"ENSG00000185088",1.045137714,0.0330079,"mRNA","Upregulated"
"ENSG00000146966",-0.496265566,0.03305753,"mRNA","Downregulated"
"ENSG00000145016",2.239534753,0.033167667,"mRNA","Upregulated"
"ENSG00000159388",1.14498547,0.033263448,"mRNA","Upregulated"
"ENSG00000138684",3.732180436,0.033399274,"mRNA","Upregulated"
"ENSG00000160888",1.906565553,0.033399274,"mRNA","Upregulated"
"ENSG00000170638",1.28068264,0.033399274,"mRNA","Upregulated"
"ENSG00000198522",-0.788524635,0.033429665,"mRNA","Downregulated"
"ENSG00000110911",1.441937783,0.033565586,"mRNA","Upregulated"
"ENSG00000141527",-1.064071027,0.033598343,"mRNA","Downregulated"
"ENSG00000185338",4.224856039,0.033602873,"mRNA","Upregulated"
"ENSG00000169282",-0.848733839,0.033676064,"mRNA","Downregulated"
"ENSG00000095574",-2.97780496,0.033676064,"mRNA","Downregulated"
"ENSG00000220008",-2.350199327,0.033704388,"mRNA","Downregulated"
"ENSG00000111537",4.51521058,0.033882774,"mRNA","Upregulated"
"ENSG00000135148",1.566337263,0.033882774,"mRNA","Upregulated"
"ENSG00000134222",-4.525003485,0.03392481,"mRNA","Downregulated"
"ENSG00000254402",-0.813788241,0.034013333,"mRNA","Downregulated"
"ENSG00000104951",2.917124856,0.034082362,"mRNA","Upregulated"
"ENSG00000162004",-0.758908225,0.034243514,"mRNA","Downregulated"
"ENSG00000159873",2.156108591,0.034254326,"mRNA","Upregulated"
"ENSG00000176092",-3.474716437,0.034506019,"mRNA","Downregulated"
"ENSG00000187118",0.696782749,0.034670107,"mRNA","Upregulated"
"ENSG00000141551",-0.498477393,0.034723606,"mRNA","Downregulated"
"ENSG00000140995",-1.547273592,0.03473252,"mRNA","Downregulated"
"ENSG00000068724",-0.937337889,0.035135289,"mRNA","Downregulated"
"ENSG00000169184",4.918002412,0.035135289,"mRNA","Upregulated"
"ENSG00000138821",1.914740845,0.035493078,"mRNA","Upregulated"
"ENSG00000134802",1.434734385,0.035673764,"mRNA","Upregulated"
"ENSG00000135835",-0.883530644,0.035739035,"mRNA","Downregulated"
"ENSG00000187608",3.232838871,0.035773017,"mRNA","Upregulated"
"ENSG00000069020",-1.301045219,0.036051282,"mRNA","Downregulated"
"ENSG00000116604",-2.495787706,0.036224254,"mRNA","Downregulated"
"ENSG00000122035",4.119934204,0.036225568,"mRNA","Upregulated"
"ENSG00000123552",-0.955251665,0.036403739,"mRNA","Downregulated"
"ENSG00000159374",-1.352442003,0.036507073,"mRNA","Downregulated"
"ENSG00000169429",3.084139781,0.036507073,"mRNA","Upregulated"
"ENSG00000188786",1.280383352,0.036969359,"mRNA","Upregulated"
"ENSG00000171094",-1.792396917,0.036969359,"mRNA","Downregulated"
"ENSG00000196954",1.378649136,0.036969359,"mRNA","Upregulated"
"ENSG00000109084",-0.527836708,0.037137525,"mRNA","Downregulated"
"ENSG00000123349",-0.596716222,0.037228043,"mRNA","Downregulated"
"ENSG00000185947",1.163202653,0.037362641,"mRNA","Upregulated"
"ENSG00000169245",3.821020606,0.037397206,"mRNA","Upregulated"
"ENSG00000186666",-2.846880057,0.037607489,"mRNA","Downregulated"
"ENSG00000232070",-2.277812194,0.037639557,"mRNA","Downregulated"
"ENSG00000063015",-1.659522005,0.037685006,"mRNA","Downregulated"
"ENSG00000000457",-0.812322379,0.037726293,"mRNA","Downregulated"
"ENSG00000189266",1.105246436,0.037768527,"mRNA","Upregulated"
"ENSG00000025796",2.08031172,0.037768527,"mRNA","Upregulated"
"ENSG00000112685",1.672353053,0.037796228,"mRNA","Upregulated"
"ENSG00000147889",1.359943508,0.037948362,"mRNA","Upregulated"
"ENSG00000160753",0.979120115,0.038176677,"mRNA","Upregulated"
"ENSG00000148356",-1.232037926,0.038480798,"mRNA","Downregulated"
"ENSG00000132510",2.79073762,0.038950615,"mRNA","Upregulated"
"ENSG00000135677",0.605900251,0.039204122,"mRNA","Upregulated"
"ENSG00000197077",3.50879667,0.039204122,"mRNA","Upregulated"
"ENSG00000283644",-1.103732185,0.039207646,"mRNA","Downregulated"
"ENSG00000186891",4.505515997,0.039384132,"mRNA","Upregulated"
"ENSG00000116221",-0.959644531,0.039384132,"mRNA","Downregulated"
"ENSG00000136514",2.759819583,0.039384132,"mRNA","Upregulated"
"ENSG00000184384",1.189003647,0.039439869,"mRNA","Upregulated"
"ENSG00000055208",1.943486961,0.039585945,"mRNA","Upregulated"
"ENSG00000163297",1.285379479,0.039672963,"mRNA","Upregulated"
"ENSG00000189114",1.551915142,0.03972001,"mRNA","Upregulated"
"ENSG00000106682",1.40384595,0.039798807,"mRNA","Upregulated"
"ENSG00000162882",-1.542772477,0.040163359,"mRNA","Downregulated"
"ENSG00000105723",-0.877470342,0.040163359,"mRNA","Downregulated"
"ENSG00000178694",1.944042945,0.040219806,"mRNA","Upregulated"
"ENSG00000164134",1.068092094,0.04025754,"mRNA","Upregulated"
"ENSG00000275111",-1.944662673,0.040270203,"mRNA","Downregulated"
"ENSG00000138685",-0.794673173,0.040472541,"mRNA","Downregulated"
"ENSG00000123329",-1.085245883,0.040472541,"mRNA","Downregulated"
"ENSG00000144136",-1.636922232,0.040686536,"mRNA","Downregulated"
"ENSG00000183977",0.588806129,0.040783349,"mRNA","Upregulated"
"ENSG00000146904",-0.710744811,0.040906809,"mRNA","Downregulated"
"ENSG00000120210",1.432273046,0.040910261,"mRNA","Upregulated"
"ENSG00000165806",1.576248561,0.040910261,"mRNA","Upregulated"
"ENSG00000019995",-0.987696993,0.040974194,"mRNA","Downregulated"
"ENSG00000166266",0.933856594,0.041006208,"mRNA","Upregulated"
"ENSG00000129084",0.935331336,0.04107074,"mRNA","Upregulated"
"ENSG00000133606",1.408591347,0.041271203,"mRNA","Upregulated"
"ENSG00000135241",1.572754295,0.041322721,"mRNA","Upregulated"
"ENSG00000129625",0.869021183,0.041441922,"mRNA","Upregulated"
"ENSG00000156127",4.504069222,0.041766144,"mRNA","Upregulated"
"ENSG00000186812",-1.01749745,0.041766144,"mRNA","Downregulated"
"ENSG00000177663",-1.063524859,0.041801094,"mRNA","Downregulated"
"ENSG00000123689",2.737195736,0.041838674,"mRNA","Upregulated"
"ENSG00000101347",0.818966928,0.041838674,"mRNA","Upregulated"
"ENSG00000153140",-5.005934481,0.042349438,"mRNA","Downregulated"
"ENSG00000143207",1.429784014,0.04249086,"mRNA","Upregulated"
"ENSG00000115648",-4.906994473,0.04249086,"mRNA","Downregulated"
"ENSG00000092871",-0.645210194,0.042587764,"mRNA","Downregulated"
"ENSG00000124789",1.024453667,0.043040594,"mRNA","Upregulated"
"ENSG00000156983",-2.510259058,0.043139054,"mRNA","Downregulated"
"ENSG00000184792",-1.78783394,0.043339085,"mRNA","Downregulated"
"ENSG00000136868",-0.594943836,0.0434517,"mRNA","Downregulated"
"ENSG00000078795",-0.88126859,0.043589167,"mRNA","Downregulated"
"ENSG00000180336",-0.649768592,0.043605493,"mRNA","Downregulated"
"ENSG00000198909",-1.189972182,0.043911189,"mRNA","Downregulated"
"ENSG00000009413",-0.995586454,0.044238486,"mRNA","Downregulated"
"ENSG00000128463",-0.785599095,0.044280146,"mRNA","Downregulated"
"ENSG00000120690",0.858472583,0.044437812,"mRNA","Upregulated"
"ENSG00000163517",-3.231948694,0.044510844,"mRNA","Downregulated"
"ENSG00000109775",0.945523537,0.044590036,"mRNA","Upregulated"
"ENSG00000228486",4.006224555,0.044723524,"mRNA","Upregulated"
"ENSG00000167513",-1.835341175,0.045014083,"mRNA","Downregulated"
"ENSG00000065911",1.410743911,0.045021366,"mRNA","Upregulated"
"ENSG00000074356",-2.318208619,0.045133203,"mRNA","Downregulated"
"ENSG00000167965",-1.758945073,0.045215091,"mRNA","Downregulated"
"ENSG00000092529",-0.679992218,0.045366376,"mRNA","Downregulated"
"ENSG00000182827",1.634423556,0.04557963,"mRNA","Upregulated"
"ENSG00000128512",1.690528024,0.045759085,"mRNA","Upregulated"
"ENSG00000072110",0.695837923,0.045811334,"mRNA","Upregulated"
"ENSG00000100580",-1.117477943,0.045825112,"mRNA","Downregulated"
"ENSG00000164172",-1.576783438,0.046046037,"mRNA","Downregulated"
"ENSG00000166927",0.998256727,0.046133898,"mRNA","Upregulated"
"ENSG00000196639",0.646472508,0.046382945,"mRNA","Upregulated"
"ENSG00000075618",1.754943018,0.046382945,"mRNA","Upregulated"
"ENSG00000101972",1.28223572,0.046611338,"mRNA","Upregulated"
"ENSG00000166986",-0.610056113,0.046659822,"mRNA","Downregulated"
"ENSG00000198535",3.522010448,0.047183907,"mRNA","Upregulated"
"ENSG00000087237",1.847896327,0.047213886,"mRNA","Upregulated"
"ENSG00000065923",0.943995257,0.047278845,"mRNA","Upregulated"
"ENSG00000197872",2.731432897,0.047381918,"mRNA","Upregulated"
"ENSG00000141219",-0.761938446,0.047414293,"mRNA","Downregulated"
"ENSG00000112419",1.066373083,0.047633587,"mRNA","Upregulated"
"ENSG00000128342",3.783657747,0.047636961,"mRNA","Upregulated"
"ENSG00000127720",-1.18506577,0.047647314,"mRNA","Downregulated"
"ENSG00000132016",-1.042252527,0.047767082,"mRNA","Downregulated"
"ENSG00000213281",1.219199845,0.047831928,"mRNA","Upregulated"
"ENSG00000172115",1.032978225,0.047879489,"mRNA","Upregulated"
"ENSG00000103064",-0.508267345,0.047894906,"mRNA","Downregulated"
"ENSG00000146433",1.216204086,0.047911225,"mRNA","Upregulated"
"ENSG00000166548",-1.526274122,0.048016636,"mRNA","Downregulated"
"ENSG00000164327",1.566905657,0.048220369,"mRNA","Upregulated"
"ENSG00000153071",-1.240163467,0.048220369,"mRNA","Downregulated"
"ENSG00000145982",2.090652965,0.048220369,"mRNA","Upregulated"
"ENSG00000166444",-2.087839757,0.048220369,"mRNA","Downregulated"
"ENSG00000023191",4.954431752,0.048325298,"mRNA","Upregulated"
"ENSG00000121454",-1.255516098,0.048653185,"mRNA","Downregulated"
"ENSG00000091436",2.377256922,0.048801394,"mRNA","Upregulated"
"ENSG00000110931",2.030889152,0.048801394,"mRNA","Upregulated"
"ENSG00000108424",1.000186389,0.048801394,"mRNA","Upregulated"
"ENSG00000167261",-1.160589599,0.049010997,"mRNA","Downregulated"
"ENSG00000162434",1.304440872,0.049057035,"mRNA","Upregulated"
"ENSG00000166128",1.119926968,0.049080017,"mRNA","Upregulated"
"ENSG00000082014",-0.857631107,0.049123667,"mRNA","Downregulated"
"ENSG00000136044",1.219532494,0.049298513,"mRNA","Upregulated"
"ENSG00000165630",-1.442146753,0.049314935,"mRNA","Downregulated"
"ENSG00000103966",1.540827011,0.049346581,"mRNA","Upregulated"
"ENSG00000124733",-0.641379879,0.049628259,"mRNA","Downregulated"
"ENSG00000131018",-1.637951886,0.049757821,"mRNA","Downregulated"
"ENSG00000119321",0.650499811,0.049768899,"mRNA","Upregulated"
